study_hours,attendance_percentage,previous_exam_score,assignment_score,screen_time_hours,sleep_hours,final_exam_score
5.6,86.0,69.1,61.9,4.5,6.0,64.0
4.2,69.4,82.0,68.6,5.0,7.0,63.7
5.9,78.1,63.7,58.4,4.6,7.0,55.5
7.9,75.5,65.4,62.7,6.5,7.6,61.8
4.0,69.9,61.3,66.0,2.5,5.4,55.4
4.0,71.2,56.2,61.6,3.0,7.7,50.5
8.0,82.5,76.4,64.4,2.8,3.8,62.7
6.2,72.8,88.7,79.4,5.7,6.2,73.9
3.5,86.1,70.9,69.6,5.8,6.4,64.9
5.7,67.9,66.7,53.6,5.0,7.8,56.9
3.5,71.6,62.7,61.5,6.3,7.0,55.8
3.5,69.1,48.4,57.3,2.1,5.3,42.6
5.0,90.2,80.1,65.9,7.2,5.8,66.3
0.3,70.7,59.2,45.1,6.9,7.2,38.8
0.7,79.6,59.6,59.6,5.5,6.9,49.3
3.3,58.3,99.0,74.6,7.4,6.3,64.1
2.3,74.4,67.3,61.7,1.2,6.4,61.0
5.2,84.9,62.0,63.6,3.3,7.8,59.7
2.5,72.8,59.5,56.3,2.9,6.4,53.4
1.4,81.0,75.7,55.6,5.5,6.9,53.4
7.7,74.6,75.0,75.4,2.3,9.6,75.4
4.0,88.3,52.6,62.8,5.6,5.3,52.0
4.6,98.1,80.6,73.0,6.7,4.8,59.8
1.4,66.7,54.2,47.9,5.5,7.9,43.8
3.3,68.7,85.8,59.1,4.7,6.2,60.0
4.7,89.8,81.7,76.1,2.4,6.6,72.5
2.0,87.0,59.8,60.5,2.7,6.1,54.1
5.3,71.0,83.1,69.4,6.4,6.7,67.8
3.2,68.8,65.8,64.0,5.6,8.9,59.7
3.9,71.3,75.9,62.2,4.1,8.0,58.3
3.2,59.6,69.5,60.4,3.4,8.0,59.2
8.6,72.0,65.8,58.4,0.6,5.3,62.5
4.5,65.0,59.9,54.5,2.3,5.6,55.2
2.2,63.9,74.1,58.3,7.6,3.6,43.8
6.3,77.4,67.8,65.6,1.9,6.0,58.9
1.8,73.3,58.5,50.4,4.5,8.1,49.1
5.0,91.3,60.0,61.0,6.0,7.6,57.7
0.2,58.6,63.3,54.7,1.9,6.7,44.4
1.6,80.5,86.0,66.7,4.5,7.0,66.3
4.9,73.5,56.8,45.9,5.9,6.2,47.6
6.1,76.9,71.3,76.3,4.2,7.2,65.3
4.9,82.3,85.0,81.5,9.4,7.9,66.6
4.2,63.3,65.4,49.1,1.2,5.1,55.5
3.8,77.8,72.0,67.7,6.1,7.4,59.9
1.2,71.7,50.0,43.8,3.9,8.1,47.1
2.9,77.5,70.1,63.0,5.6,6.5,57.8
3.5,76.4,64.3,60.4,5.0,7.8,49.4
6.8,100.0,85.5,78.8,2.9,10.4,83.9
5.3,69.8,82.0,64.2,4.6,6.9,63.3
0.6,63.8,88.3,61.1,0.9,7.5,61.9
5.2,69.8,75.1,59.5,5.3,6.1,51.5
3.7,68.2,69.5,54.7,4.7,7.2,63.5
3.0,66.4,66.6,56.4,5.3,7.6,54.8
5.8,88.8,67.8,62.2,6.1,7.2,63.3
6.8,92.7,77.6,78.1,4.9,5.8,78.5
6.5,72.3,68.1,72.3,4.5,7.2,73.1
2.7,64.0,65.5,51.8,2.6,8.8,57.0
3.8,78.7,81.6,70.6,2.9,7.5,70.3
5.2,70.5,57.7,58.6,6.3,8.2,55.7
6.6,84.5,85.3,78.8,6.8,6.7,72.3
3.4,75.4,80.5,67.7,3.8,7.9,63.0
4.1,59.2,64.4,59.6,4.3,7.3,52.0
2.1,86.9,41.5,50.0,2.6,5.9,42.7
1.9,89.1,58.0,49.0,6.3,7.4,44.4
6.3,71.6,85.2,77.5,5.4,5.8,69.7
7.5,75.6,73.2,73.5,7.7,6.2,58.3
4.3,77.6,56.9,51.3,2.6,7.2,55.2
6.7,81.6,67.1,65.6,3.5,7.4,66.3
5.3,82.8,79.5,74.9,4.6,5.6,68.1
3.1,93.0,73.3,66.0,5.4,8.3,61.3
5.3,74.4,66.8,68.1,3.8,7.7,73.1
7.9,72.1,69.8,80.1,2.6,6.2,75.7
4.4,61.1,62.1,50.0,5.8,5.2,44.7
7.9,72.8,63.8,54.5,5.5,6.8,61.7
0.0,67.9,77.0,61.1,2.6,6.5,51.5
6.3,95.6,69.8,74.2,6.6,7.1,67.3
4.7,70.1,81.3,66.5,6.3,6.6,58.3
3.8,76.2,83.6,78.3,4.4,4.6,63.0
4.7,75.1,79.4,60.1,4.3,6.5,60.5
0.1,80.3,55.9,55.1,5.2,6.6,47.9
4.0,99.5,74.0,66.7,2.6,7.8,71.2
5.3,70.9,68.8,72.2,4.3,6.2,66.7
7.8,75.1,64.0,75.3,0.5,9.0,70.5
3.4,83.8,70.5,59.2,5.8,4.7,53.1
2.7,79.1,52.2,48.4,1.4,8.6,54.0
3.4,91.8,80.8,76.6,6.9,6.7,64.1
6.5,83.8,67.4,63.5,3.6,8.0,64.1
5.2,72.5,71.2,63.3,3.8,7.1,67.5
3.3,79.1,69.4,62.1,3.1,8.4,61.6
5.6,87.7,68.4,54.7,3.7,6.5,63.8
4.7,83.5,75.7,68.1,6.8,5.7,59.2
6.6,83.2,67.4,61.7,0.5,8.7,65.7
3.0,83.4,75.7,63.1,6.5,6.9,57.0
3.8,85.6,53.0,63.8,4.8,7.3,54.7
3.6,87.5,69.0,56.6,2.0,8.5,58.9
1.3,76.7,83.7,71.6,2.3,5.8,61.8
5.2,74.4,58.2,55.2,7.2,7.7,48.5
5.1,77.4,61.9,57.8,2.5,6.3,55.0
4.5,87.1,74.9,73.1,2.1,6.8,70.4
4.0,66.1,68.2,60.9,6.2,7.1,57.3
1.4,74.0,66.2,60.0,4.8,5.2,48.6
3.6,69.7,71.2,66.7,2.5,6.1,56.5
3.7,74.1,73.5,61.4,4.6,8.6,57.7
2.7,85.1,78.0,63.7,2.4,8.1,63.1
4.1,76.3,71.9,57.0,6.2,6.9,59.2
5.4,76.8,67.1,57.6,6.1,7.3,61.8
8.6,67.6,82.0,90.0,5.2,6.6,75.3
4.9,83.1,90.4,83.8,4.9,8.6,72.3
5.1,82.4,68.4,56.2,7.4,6.8,58.4
4.3,96.3,59.1,53.8,4.2,7.3,55.1
0.3,65.6,71.7,59.1,2.1,8.4,52.2
4.4,77.0,66.7,64.5,5.0,6.1,62.4
4.6,77.6,44.5,52.7,8.0,8.9,48.7
9.9,98.9,89.4,84.2,2.4,5.2,89.2
4.1,73.4,61.2,56.2,3.5,9.0,53.4
5.2,78.8,68.6,65.6,4.9,6.6,62.2
4.4,80.9,72.1,65.7,4.1,6.7,65.8
1.9,73.0,65.2,43.1,2.4,4.7,42.7
7.0,74.3,80.2,69.7,6.2,6.5,72.4
6.2,79.5,66.7,58.9,8.4,5.8,59.0
6.2,88.3,78.0,73.5,4.6,6.3,75.5
2.5,61.7,60.2,69.4,2.6,6.8,55.0
7.6,81.0,82.3,76.8,1.4,8.1,80.5
1.4,63.3,68.0,53.0,4.7,7.2,53.7
5.8,88.9,61.4,68.5,6.2,7.4,63.8
9.3,67.0,87.8,79.1,5.1,5.7,74.7
2.3,66.1,57.3,53.3,4.2,5.9,45.4
3.3,77.0,74.9,68.0,3.1,9.2,65.6
4.7,91.0,74.0,81.4,2.2,6.1,66.1
3.4,72.7,86.0,62.8,5.7,9.0,63.9
1.1,64.3,58.4,52.4,5.8,6.7,47.4
4.7,94.1,66.4,60.1,1.4,7.0,57.3
2.2,57.1,61.9,54.3,7.1,8.3,52.1
5.5,54.5,64.4,50.1,5.2,8.5,58.2
2.5,76.4,73.3,59.9,6.7,6.9,53.5
7.9,75.1,56.4,57.5,1.8,6.5,64.1
2.8,62.2,52.1,53.4,1.7,6.9,48.6
3.8,81.0,55.6,60.9,3.9,7.4,59.3
6.3,80.1,82.2,65.3,5.1,8.1,73.0
1.8,65.3,81.0,63.4,7.4,7.0,50.4
5.0,62.9,66.5,54.0,5.5,7.7,57.5
7.4,88.1,72.7,63.3,3.8,9.0,70.9
1.0,76.3,62.6,53.4,2.4,7.5,51.4
4.9,74.6,81.5,67.5,6.4,7.4,62.5
5.1,94.4,60.8,77.7,2.5,5.2,70.5
6.2,66.8,72.9,66.8,7.1,3.8,58.2
1.8,55.7,71.9,47.4,3.7,7.5,47.4
1.6,63.7,67.2,51.4,7.1,6.9,42.3
5.6,76.2,72.2,71.6,5.4,6.4,62.8
5.2,78.5,80.6,82.7,4.0,7.3,73.0
5.1,73.5,39.2,36.5,3.3,6.9,45.4
5.3,79.7,77.4,57.6,3.6,8.4,69.9
3.0,60.2,56.6,61.0,5.0,7.1,52.1
5.0,90.2,50.3,58.6,4.3,6.1,58.0
5.1,75.1,74.7,60.8,3.1,8.2,65.9
2.9,83.8,81.1,72.2,3.9,6.7,60.5
8.6,84.6,74.8,56.8,4.3,7.6,69.8
5.5,81.1,80.9,71.4,0.5,6.4,75.1
1.9,76.8,81.2,68.1,5.0,6.2,59.2
5.9,81.6,85.6,80.1,2.4,7.1,77.2
2.4,78.3,82.6,61.8,2.1,7.0,61.7
6.2,90.8,80.8,75.1,1.2,7.6,75.5
7.0,80.7,73.9,63.7,1.0,6.7,69.6
2.7,79.4,47.6,50.8,1.8,4.8,44.1
6.6,77.3,69.3,60.0,2.9,6.5,62.3
5.4,90.8,61.9,60.8,7.7,8.0,56.2
6.3,70.9,94.7,71.4,3.3,6.6,71.1
8.7,99.3,76.1,81.0,4.5,6.7,84.6
4.0,73.8,68.3,66.0,4.9,8.2,59.3
2.8,58.1,69.3,54.6,4.4,6.1,55.6
2.5,73.3,64.7,57.1,4.1,5.1,55.9
2.7,65.5,82.5,56.3,2.0,6.8,59.4
4.3,83.1,61.6,58.0,6.8,6.4,51.1
5.3,69.7,71.1,62.6,7.5,5.8,50.6
5.1,71.4,60.6,73.0,1.2,6.8,58.0
6.3,58.8,55.1,45.9,2.4,7.6,49.6
4.5,70.5,60.8,65.3,3.7,7.0,62.0
7.7,55.6,71.4,68.4,2.5,7.4,67.6
3.9,58.3,60.5,54.2,5.1,9.2,54.0
10.5,91.6,72.8,86.1,2.9,6.6,77.5
5.9,85.0,56.1,61.4,8.1,7.3,50.3
2.6,76.4,63.8,59.6,6.3,6.4,54.5
2.1,61.7,45.8,42.8,4.6,6.0,39.8
5.6,76.2,78.5,76.3,6.0,6.3,66.3
4.0,74.2,67.9,67.3,6.2,6.4,59.2
6.1,65.8,53.9,49.7,3.2,7.4,59.6
5.5,91.5,68.0,59.0,2.7,9.8,66.9
4.3,83.5,60.2,57.9,4.3,6.1,55.9
2.6,69.9,67.6,53.0,5.8,6.5,51.3
1.2,70.3,76.3,60.6,4.5,6.9,62.2
3.5,75.6,45.6,55.6,1.4,7.5,44.6
6.4,57.4,70.9,58.3,2.8,7.3,64.0
5.0,73.3,67.0,60.9,4.1,8.5,60.9
1.8,64.1,69.4,56.7,4.1,4.1,47.0
4.9,65.6,70.1,65.9,7.8,4.1,46.2
5.3,73.4,61.0,44.8,1.7,6.4,55.2
2.6,90.1,62.6,56.4,5.1,8.3,58.0
4.8,81.9,60.5,60.8,6.9,5.1,63.9
4.6,69.4,79.5,73.8,8.3,3.5,55.0
2.0,77.0,63.9,53.8,3.5,7.7,50.2
5.3,90.2,91.9,68.2,5.1,7.3,71.4
5.7,86.0,70.6,70.9,5.2,5.7,63.0
6.9,79.2,64.9,60.0,4.6,5.8,55.8
6.8,72.0,55.2,49.4,4.0,5.8,53.6
1.5,77.5,43.0,41.1,5.0,7.1,42.1
2.4,75.8,46.9,46.5,0.5,6.2,42.6
5.6,85.6,74.0,65.2,5.4,7.6,69.2
5.6,83.0,76.4,56.3,4.4,3.6,58.4
5.6,87.1,53.8,63.5,3.8,6.0,56.0
13.0,82.4,93.9,95.5,7.9,5.6,86.7
5.8,90.1,66.5,70.0,3.0,6.7,71.8
7.0,80.7,74.7,62.8,3.5,6.4,70.0
6.6,98.9,91.9,82.0,7.8,8.0,78.7
5.9,70.2,79.9,68.5,2.7,4.8,61.7
3.8,91.3,65.4,66.9,3.2,7.1,62.4
6.2,79.5,61.7,65.3,3.9,7.7,61.6
2.8,65.9,40.4,37.6,5.7,9.2,33.5
4.0,69.4,58.6,54.9,4.6,6.4,58.2
3.4,70.1,63.2,59.1,1.9,7.4,57.2
4.7,79.5,58.0,66.1,3.2,4.8,54.5
9.6,87.9,77.0,80.1,3.1,4.1,73.1
0.4,63.1,60.3,54.2,4.1,8.0,44.0
6.0,77.0,68.4,64.6,5.0,7.0,62.2
1.0,91.2,56.2,63.4,5.0,8.4,47.6
3.5,90.8,69.6,67.6,1.0,5.4,70.4
6.9,83.0,78.0,66.8,6.1,7.6,65.1
4.6,75.5,56.2,63.7,4.7,9.2,54.9
2.1,72.6,79.0,68.3,6.7,7.5,57.0
2.9,78.7,64.4,55.9,5.0,7.3,58.0
6.0,67.0,70.1,59.6,6.2,7.0,59.5
2.9,70.0,72.4,62.6,5.0,5.1,50.6
5.0,59.1,69.9,62.0,6.6,8.6,62.3
4.6,79.1,79.1,70.0,5.1,6.3,67.0
3.1,79.4,69.1,63.4,4.0,7.6,60.9
9.2,77.2,69.9,79.0,8.3,5.1,68.1
5.9,92.8,76.3,78.7,5.8,5.6,77.0
0.0,56.0,45.4,40.1,5.2,8.7,42.6
4.9,61.0,68.5,64.5,1.9,6.6,58.2
3.0,75.0,64.9,51.8,1.9,8.7,62.0
6.4,88.3,70.5,70.9,4.7,6.9,69.1
2.8,89.3,65.0,72.3,4.5,4.8,55.7
4.2,70.0,46.3,46.7,3.1,8.1,43.5
5.6,87.4,65.2,59.3,4.5,6.3,60.4
6.4,77.5,72.7,63.1,7.1,7.8,61.2
1.9,69.4,64.5,48.6,5.5,7.0,50.6
3.8,82.8,56.2,51.5,2.1,5.1,55.8
3.5,80.0,80.6,66.3,4.0,7.2,57.6
3.1,57.1,54.2,39.4,2.8,9.6,47.4
8.4,95.6,87.7,82.3,3.5,7.6,89.5
5.4,90.2,75.8,76.1,3.5,6.9,69.9
1.7,64.5,54.8,42.9,3.3,8.3,47.6
6.5,82.0,91.8,87.9,1.9,7.3,82.7
9.2,87.0,64.5,71.3,4.0,7.3,73.2
6.8,81.1,82.9,80.2,3.2,5.7,73.2
1.2,64.5,72.0,53.2,0.5,7.3,50.2
3.4,66.6,57.8,57.6,7.9,8.2,43.6
7.3,78.9,88.7,70.7,6.2,6.0,74.2
2.9,84.3,63.3,64.7,3.5,8.7,59.6
5.5,81.9,73.7,68.6,4.2,6.9,65.6
6.2,73.8,73.8,69.8,2.1,5.9,65.8
2.5,79.7,63.4,50.7,7.3,8.2,49.7
4.4,46.4,73.9,52.2,7.6,6.7,51.8
0.0,79.7,69.1,61.5,4.5,7.9,51.6
2.2,54.2,42.5,33.9,6.0,6.6,29.6
3.9,70.5,80.8,69.5,4.5,6.9,66.0
1.8,59.8,43.3,32.7,1.8,7.6,38.0
8.1,67.5,85.1,78.5,3.5,7.3,76.3
1.4,82.0,75.5,56.3,4.4,4.6,54.7
3.5,68.8,53.6,54.2,3.4,5.7,48.9
4.8,78.9,64.4,64.7,3.8,8.1,62.7
7.7,79.3,62.0,59.0,4.0,6.8,59.6
1.3,75.0,59.9,56.7,4.1,6.4,48.0
7.1,79.7,69.8,68.4,4.3,5.4,67.6
4.5,62.2,75.3,59.1,2.3,5.7,54.4
2.3,81.7,79.1,60.6,2.9,4.6,55.4
5.5,71.6,84.8,59.4,1.9,6.9,68.1
4.9,60.0,61.0,56.5,6.0,6.3,51.9
3.2,68.8,62.7,46.1,0.5,5.8,55.3
4.7,90.3,51.4,57.1,6.3,6.9,54.6
3.7,82.3,58.4,55.6,6.7,7.4,57.3
4.7,71.8,78.7,70.9,3.7,9.5,65.3
6.0,73.8,88.4,72.5,0.5,5.2,73.4
8.0,77.0,60.9,60.4,3.5,8.4,66.1
1.8,91.7,58.3,61.5,4.1,8.2,51.6
9.2,85.9,77.3,77.0,2.4,6.1,80.9
0.2,72.9,63.1,55.1,3.3,7.2,56.0
4.2,84.9,59.5,61.8,7.0,6.5,54.6
5.8,79.3,75.4,59.0,5.4,7.2,65.2
5.1,73.3,63.7,64.0,2.5,8.8,63.1
3.1,70.9,64.9,60.8,1.3,7.7,55.8
4.0,73.5,73.0,57.2,3.6,7.6,54.1
3.4,73.0,65.9,57.1,3.8,6.5,52.7
3.2,80.3,61.4,57.4,5.1,5.2,47.3
6.4,78.4,70.6,65.3,3.2,6.7,71.4
5.3,83.5,69.3,67.4,5.1,8.4,64.7
3.0,71.9,60.9,63.7,7.7,5.2,45.6
6.5,78.8,69.1,72.0,5.7,5.7,67.0
5.2,56.1,85.0,59.1,4.1,7.2,59.6
6.3,86.9,78.6,76.2,3.9,5.8,68.6
5.9,80.6,67.8,72.5,3.6,6.0,65.4
2.7,82.3,73.2,66.4,6.3,6.5,61.1
3.3,44.2,59.1,54.1,3.1,5.4,48.0
6.1,98.3,86.1,91.3,4.3,5.8,81.9
5.8,75.6,74.5,73.0,4.3,7.8,68.2
4.5,86.1,67.9,65.8,3.3,5.4,62.5
4.8,65.1,72.5,68.2,1.7,5.1,62.3
7.3,85.3,56.8,62.2,4.8,6.2,58.0
3.2,62.5,52.0,48.2,4.1,7.9,47.2
5.7,70.6,56.6,53.5,5.1,6.8,50.6
4.1,93.5,70.7,76.6,3.2,6.4,66.9
4.0,72.3,85.9,65.2,6.4,7.1,61.8
6.9,80.8,97.4,91.2,2.6,4.9,86.3
6.3,86.4,79.4,75.8,7.3,7.6,70.1
6.3,82.7,77.5,62.5,1.1,7.5,66.2
7.4,80.9,54.0,61.0,5.0,6.5,59.3
4.5,78.6,62.4,46.8,5.1,8.2,56.5
6.0,100.0,64.5,71.4,2.8,5.6,72.6
3.8,73.4,59.8,61.1,5.0,8.4,53.9
5.2,78.1,67.7,59.4,6.5,7.2,53.8
4.2,85.1,63.3,61.9,0.5,6.6,64.3
4.7,86.4,47.7,65.2,5.1,7.0,50.5
5.8,88.8,79.9,70.1,0.5,6.9,72.0
2.7,78.7,53.3,45.9,2.5,8.5,49.8
9.1,70.5,78.5,80.6,7.1,5.7,71.8
2.3,88.0,88.2,85.0,3.2,6.1,72.3
1.8,59.5,51.5,45.4,2.1,8.2,42.9
7.0,81.8,45.3,59.8,3.8,6.3,55.8
6.2,70.0,67.4,70.1,7.9,8.1,59.4
5.9,76.5,82.8,67.3,0.9,9.0,74.3
5.9,80.4,92.6,75.2,2.3,6.5,76.2
4.5,78.2,54.8,62.5,6.9,7.8,55.7
2.5,76.2,70.0,70.7,7.5,5.6,57.2
4.7,91.4,64.9,67.6,4.0,7.9,65.3
3.0,77.3,64.4,53.1,2.0,7.2,57.0
6.6,75.7,99.0,93.2,8.0,7.6,72.1
4.2,84.2,51.8,51.4,7.1,6.2,49.0
2.7,84.2,68.5,60.0,5.4,5.0,55.5
3.8,61.7,70.6,60.9,2.7,7.6,60.9
5.4,82.3,82.3,81.6,4.1,4.5,64.0
3.3,80.2,67.4,66.2,3.9,6.6,56.7
2.7,69.3,67.6,60.2,4.8,8.1,53.4
5.0,89.5,66.0,67.5,6.8,7.2,63.3
5.0,74.2,71.8,64.3,5.8,9.3,66.7
3.4,74.6,62.2,60.3,2.3,8.2,56.6
3.5,71.8,72.7,47.0,6.7,6.2,54.7
5.0,75.9,64.9,58.9,4.8,7.0,58.6
1.3,59.2,64.8,53.4,5.4,6.9,46.1
1.4,55.9,60.2,41.9,6.8,5.1,37.7
2.9,88.5,78.9,71.3,2.2,5.9,67.6
4.0,65.8,65.6,56.1,4.1,6.3,55.1
5.2,66.1,48.9,60.2,3.2,4.6,54.5
7.7,58.3,86.0,80.6,1.4,7.1,73.6
6.4,71.5,61.1,56.4,4.8,6.7,59.6
4.1,61.2,58.7,51.6,8.7,5.0,40.5
4.5,91.4,63.1,62.5,0.9,7.5,61.2
2.3,81.8,79.8,64.4,4.1,7.9,62.1
4.5,68.1,43.8,47.7,5.4,7.3,46.2
3.9,96.6,99.0,78.7,4.4,6.6,85.4
5.2,85.9,82.0,66.0,4.0,7.7,68.7
2.7,69.1,66.6,60.9,1.9,7.8,53.6
5.6,51.7,67.0,60.3,4.6,7.4,58.1
7.9,100.0,79.8,73.5,2.8,6.0,72.9
4.3,60.8,72.0,65.3,0.5,7.3,62.3
5.4,59.9,75.2,59.0,6.4,8.4,60.2
6.0,87.5,78.1,73.5,5.9,6.3,71.1
3.6,98.0,69.7,72.1,4.3,9.5,70.5
5.0,89.6,68.2,65.7,4.6,6.4,61.2
4.5,80.6,66.9,65.1,6.1,7.0,58.8
4.7,81.2,66.8,59.6,4.6,6.2,56.2
2.8,81.0,78.0,65.3,5.8,7.3,56.9
4.6,82.7,75.5,66.5,3.7,4.9,60.3
5.6,79.5,38.1,43.1,6.6,6.3,40.4
7.7,80.8,81.6,73.3,4.8,5.7,70.8
6.6,77.5,74.2,58.8,4.5,7.2,62.0
9.2,74.5,76.2,68.6,1.9,8.2,77.9
2.8,69.6,60.1,52.1,4.7,7.8,56.4
6.4,60.9,82.4,66.7,2.7,4.2,57.5
4.9,74.6,79.1,66.6,3.1,9.5,62.9
9.3,72.3,67.9,66.2,2.7,7.4,70.6
2.7,61.3,67.9,58.8,2.3,6.1,53.7
2.7,74.1,54.0,56.7,8.0,7.2,45.0
3.2,87.0,51.7,50.1,6.6,7.2,47.1
0.0,77.4,53.2,41.4,7.7,6.2,34.0
3.3,57.5,73.6,52.6,2.0,7.2,57.2
2.8,62.6,74.2,56.9,4.3,6.3,57.6
4.8,84.9,75.2,66.2,1.9,6.5,60.4
5.3,66.4,76.6,60.5,2.9,6.2,61.2
8.6,78.9,81.4,67.0,2.5,5.3,74.0
6.6,83.7,65.6,62.2,6.4,7.2,59.6
3.2,63.4,69.3,58.9,3.5,7.7,61.7
2.5,73.1,73.0,65.0,6.1,7.6,54.9
5.6,63.3,77.1,61.6,5.3,8.0,62.8
1.6,64.6,74.8,56.7,8.3,7.4,49.5
8.5,84.2,83.9,71.8,1.5,6.4,76.3
7.1,63.0,75.3,65.5,6.5,8.0,59.2
3.5,77.9,78.3,61.6,6.3,5.4,56.6
0.7,69.1,60.3,54.7,2.4,5.9,50.5
7.5,85.0,64.7,55.1,6.0,5.8,60.0
4.2,76.8,65.8,58.3,4.8,8.3,55.7
7.2,92.7,66.4,70.1,3.8,8.1,76.1
1.0,71.0,53.9,49.7,2.7,7.6,45.1
3.2,68.8,63.5,72.1,2.9,8.3,58.1
4.5,76.2,59.4,59.2,7.9,5.9,49.7
4.6,80.6,65.4,55.6,4.2,7.4,61.0
3.5,74.0,45.3,47.0,5.6,6.8,52.1
5.9,77.5,73.1,56.0,2.8,8.0,67.7
2.2,64.5,62.8,52.8,2.8,6.9,54.1
4.2,67.9,57.8,48.8,6.1,6.5,47.1
4.8,61.4,74.4,67.5,1.8,7.6,60.9
5.6,94.1,82.2,72.2,3.5,8.1,74.2
6.1,65.0,52.2,51.6,4.3,6.2,52.3
2.0,64.3,54.0,44.4,4.4,6.9,40.0
1.1,62.7,52.2,56.1,3.9,5.7,42.5
7.3,88.1,64.0,64.1,4.9,4.0,60.0
5.2,73.1,78.2,78.5,5.4,7.2,68.7
2.9,85.1,64.0,64.8,5.5,7.7,58.7
7.9,73.4,71.1,69.8,2.4,7.3,71.6
4.8,78.2,46.8,53.3,3.7,4.7,43.9
7.1,70.5,79.2,72.1,6.4,6.6,66.2
4.6,96.6,56.7,49.3,5.8,4.3,44.4
9.0,69.9,76.2,68.5,1.7,8.6,81.3
8.4,83.9,79.0,79.6,4.8,5.7,74.8
4.0,80.6,82.6,70.1,0.6,8.5,70.5
6.6,82.3,58.1,52.0,4.3,8.1,56.9
5.9,75.2,37.3,46.1,7.6,5.9,50.4
7.5,78.2,75.7,80.4,2.5,5.6,69.6
2.4,72.3,83.8,74.5,2.7,7.4,64.1
6.0,75.8,84.4,72.2,5.6,6.0,69.8
6.8,88.1,75.8,77.6,1.4,7.1,77.1
0.6,91.3,57.2,52.8,3.1,6.4,52.0
1.9,65.5,71.2,47.6,5.3,4.9,49.4
0.0,54.6,47.2,34.1,3.1,4.3,29.5
3.9,73.2,72.0,72.0,3.8,7.3,59.3
6.1,100.0,78.9,74.1,5.5,6.3,73.2
7.8,71.9,85.3,72.8,5.0,6.3,73.5
4.7,91.7,99.0,81.2,4.7,7.8,85.2
8.1,97.2,81.0,90.0,3.6,8.4,81.7
1.5,65.0,56.0,58.6,4.9,6.7,50.2
0.8,75.1,61.1,66.7,4.0,6.6,51.7
4.4,91.1,50.0,54.6,5.0,7.6,56.5
5.3,72.4,61.5,60.1,3.3,5.4,56.6
4.4,72.8,63.1,49.1,3.9,7.3,51.8
0.0,62.4,52.9,53.6,2.4,7.7,46.3
4.3,64.6,68.3,51.9,4.1,7.8,58.0
1.6,64.2,52.7,48.3,2.7,4.7,41.9
6.0,65.0,82.0,62.0,2.2,6.1,66.2
5.3,76.5,69.6,60.2,4.7,5.9,57.8
2.4,64.2,63.0,48.6,4.6,7.1,43.4
3.4,75.7,62.5,53.7,5.6,7.6,55.6
2.2,56.0,63.7,48.4,3.4,8.8,51.1
4.4,78.2,77.2,64.0,4.9,6.4,59.1
6.6,86.5,63.4,69.4,5.2,6.4,62.5
2.3,51.8,54.5,39.1,5.0,8.4,40.5
5.6,80.4,67.2,65.1,2.7,7.4,60.0
3.3,85.5,52.1,61.3,4.5,8.5,52.1
2.8,60.4,54.5,45.4,4.9,7.3,41.2
4.3,91.4,64.0,58.9,4.2,5.6,56.7
2.2,75.7,73.5,60.6,0.5,5.4,55.8
3.3,66.1,67.8,64.9,4.5,5.1,49.0
1.9,70.5,65.0,56.8,8.2,7.8,52.9
8.8,87.0,86.3,76.6,3.6,8.4,85.7
4.6,75.9,66.8,64.1,2.9,9.2,61.0
3.0,78.1,69.9,55.0,4.9,8.0,57.4
5.0,66.5,66.9,63.5,4.8,8.4,61.5
4.3,76.4,70.7,65.6,6.3,6.3,62.5
4.0,60.1,59.2,50.5,1.9,5.6,48.0
5.9,76.0,43.8,45.1,5.5,8.0,53.2
6.2,68.5,68.9,57.1,5.3,7.5,58.6
3.3,65.8,80.6,67.9,3.9,7.1,57.7
3.2,85.4,76.9,74.9,4.8,7.5,67.5
3.9,85.0,78.5,65.3,6.1,7.4,67.4
0.0,74.3,73.4,61.7,5.8,8.5,61.2
1.2,59.1,61.4,37.5,2.1,8.6,41.8
7.5,76.3,75.7,66.2,5.7,7.7,70.9
8.1,92.5,69.4,70.8,4.1,8.0,74.3
4.0,75.7,63.7,53.3,4.3,7.6,58.0
5.8,100.0,79.6,70.1,4.3,6.4,66.6
5.2,80.0,83.0,67.9,3.9,7.9,65.5
11.3,87.1,79.9,81.0,6.3,5.3,77.2
7.0,75.7,67.6,63.4,4.0,8.3,66.5
4.2,75.9,67.6,47.8,2.2,5.6,53.4
2.4,70.3,70.4,46.5,3.5,7.3,54.6
1.0,76.8,46.0,42.1,4.5,6.0,42.4
4.9,85.2,44.5,54.4,6.4,7.7,52.8
2.8,64.6,57.8,34.8,5.3,7.0,48.3
1.4,57.0,47.2,38.9,2.7,5.1,38.2
3.1,54.5,57.8,46.0,8.7,7.5,36.3
2.1,76.5,62.2,64.2,4.7,6.3,57.0
8.2,69.5,69.1,62.9,6.5,8.1,63.6
6.4,56.3,85.5,71.1,3.9,7.0,71.6
4.5,78.9,72.0,65.6,5.2,7.5,67.2
7.8,100.0,79.7,65.4,5.7,5.9,76.1
4.7,75.2,75.2,70.4,6.4,6.3,57.1
2.6,80.5,52.6,53.5,6.1,6.4,44.1
7.9,80.9,86.1,80.1,5.8,8.0,81.8
5.7,75.8,69.4,87.5,3.6,9.0,71.2
2.2,80.7,71.8,49.8,3.2,6.0,54.2
4.1,71.5,55.1,63.4,4.8,8.3,57.5
2.6,74.8,47.5,46.2,5.9,4.4,39.2
1.5,73.7,71.5,61.3,3.8,5.6,54.3
6.5,71.3,75.4,66.8,6.1,5.8,62.9
8.7,91.2,67.3,67.7,6.8,5.4,68.9
1.4,68.6,52.2,44.1,2.6,5.1,44.6
5.7,69.2,82.0,71.2,2.7,7.5,71.6
3.1,78.3,52.7,43.2,3.9,6.7,46.4
3.4,64.4,83.0,70.3,4.8,7.5,66.5
3.2,73.3,55.6,50.2,3.3,7.8,50.7
2.6,72.1,71.3,53.6,6.6,7.3,49.9
4.6,86.0,65.7,60.5,5.0,7.8,58.1
2.7,77.0,71.6,69.4,4.3,6.9,56.2
5.1,75.6,63.2,56.6,1.6,5.6,57.5
4.4,83.0,66.8,64.9,1.8,8.3,68.4
4.0,88.2,68.9,60.4,4.7,6.3,56.8
2.5,77.6,53.6,56.4,0.5,5.9,52.3
3.2,73.2,73.6,66.7,6.0,6.8,56.0
6.2,64.4,64.4,70.1,3.9,5.9,60.1
5.6,66.0,66.6,58.8,10.0,6.5,46.0
2.3,68.6,52.5,52.8,8.4,7.4,40.3
4.7,69.2,39.6,45.3,3.9,7.4,45.0
6.2,75.7,69.0,72.1,4.0,5.9,66.5
0.8,70.0,87.4,62.2,6.0,6.4,56.9
5.7,82.1,79.5,75.6,7.3,8.3,65.3
3.0,72.0,64.8,56.1,1.3,7.6,60.2
5.8,81.8,68.1,64.5,1.0,9.5,69.9
2.8,73.1,65.0,57.9,3.1,8.4,57.0
0.5,49.2,64.2,49.7,5.2,8.4,44.0
0.9,60.2,47.1,41.3,5.1,5.3,33.5
4.6,73.7,80.3,69.4,6.1,7.9,65.7
5.1,63.8,75.8,73.2,2.0,6.9,67.7
2.5,78.0,72.6,68.3,0.5,6.3,56.2
5.9,92.4,77.1,77.8,5.7,7.2,69.4
0.8,81.6,62.2,52.8,2.7,8.1,50.9
4.4,72.7,75.0,59.4,0.6,7.6,65.2
1.8,85.9,70.7,68.3,4.5,5.9,61.0
3.1,74.4,61.5,61.4,5.6,7.9,51.7
4.6,71.8,61.6,66.2,4.0,6.2,55.8
2.6,66.0,64.8,51.6,3.4,7.3,50.0
3.7,70.8,83.2,66.5,3.9,6.6,60.9
6.7,74.4,58.3,48.9,3.5,6.7,56.1
3.2,74.8,49.5,47.4,1.8,7.9,52.4
6.3,79.3,73.5,73.8,2.9,5.8,65.0
2.0,71.3,63.7,52.5,5.1,9.3,53.4
5.7,81.2,72.7,71.0,4.8,4.8,54.9
7.7,91.7,78.1,74.0,4.5,6.3,74.5
0.0,77.7,57.7,53.1,2.4,7.4,46.5
2.7,57.5,79.4,54.4,3.9,7.7,61.6
5.8,51.4,50.4,48.0,0.5,6.9,50.7
4.1,83.7,59.0,40.3,4.5,6.9,44.0
5.3,62.5,67.1,57.8,6.8,7.5,49.6
3.2,70.8,47.2,37.7,1.5,6.7,45.1
4.7,63.6,65.3,64.7,3.1,8.7,62.6
4.2,56.5,83.9,70.0,4.8,8.0,65.3
7.1,84.3,73.8,73.0,6.5,8.0,70.5
5.1,83.5,72.5,76.0,3.4,5.8,70.3
5.2,70.3,54.9,48.3,3.0,6.9,51.3
3.6,47.7,56.9,58.0,0.7,6.6,54.0
3.4,67.9,61.2,60.3,4.4,5.8,46.8
3.5,77.4,62.9,56.7,7.9,7.4,46.8
5.4,61.6,82.4,74.0,4.7,6.4,60.2
3.6,75.5,72.6,56.5,4.2,7.8,58.0
5.1,75.7,56.9,51.4,4.8,5.7,52.2
9.1,87.7,80.3,73.4,4.2,9.1,80.1
6.4,79.0,77.3,66.8,2.7,5.9,68.4
3.8,64.2,78.2,57.3,5.7,7.3,54.8
7.1,90.9,91.7,89.0,4.6,8.0,84.7
3.6,72.1,54.9,51.0,4.2,6.3,44.5
0.0,68.0,50.3,46.8,2.4,8.0,46.9
2.3,62.4,48.9,41.8,6.5,5.5,37.0
0.4,64.4,57.0,37.0,5.4,8.7,39.1
3.7,65.0,70.7,61.2,3.2,7.0,63.0
4.5,73.3,78.7,55.5,6.0,6.3,54.9
8.2,97.7,76.1,75.7,3.3,6.6,75.7
5.2,62.3,64.5,49.1,2.8,8.0,53.1
4.0,58.1,67.1,68.2,2.8,6.3,57.4
6.3,92.4,63.8,71.2,1.0,6.1,72.3
0.0,66.2,82.0,62.3,5.0,6.7,55.8
5.0,69.1,50.6,58.7,0.9,5.6,62.2
6.2,87.9,74.4,65.3,2.0,9.2,64.9
1.2,64.0,83.2,66.5,0.5,6.3,62.2
7.0,97.0,74.8,75.0,4.0,8.0,75.5
5.2,82.8,67.9,65.9,3.9,7.3,61.8
3.6,68.8,61.8,63.1,3.6,5.8,52.2
5.9,98.7,70.9,75.1,2.3,7.0,69.1
9.5,76.4,92.2,82.9,2.1,7.9,91.1
4.9,83.0,45.2,41.6,5.0,6.8,50.3
5.0,78.7,86.1,67.3,3.2,8.4,71.1
3.5,86.5,51.7,53.5,4.8,8.2,56.8
2.6,87.8,62.9,60.2,2.6,8.1,53.5
6.3,78.0,66.8,57.0,4.5,6.4,56.5
2.6,64.6,70.0,72.2,6.5,5.7,47.2
4.7,79.9,51.3,62.9,5.3,6.3,51.3
3.4,66.6,70.3,63.0,3.5,7.2,58.5
5.6,96.8,94.4,83.3,4.7,7.7,80.3
5.2,77.4,54.5,54.3,3.8,4.4,49.1
6.8,74.8,74.2,62.0,4.2,7.0,61.5
3.4,75.2,58.8,55.7,3.6,7.2,56.0
3.9,60.6,70.2,60.0,3.9,6.7,57.0
2.3,62.0,63.0,45.5,4.6,8.5,50.9
3.5,85.5,60.2,60.7,2.4,7.5,52.3
5.3,69.6,74.3,63.7,2.4,8.6,67.0
6.2,67.1,90.1,62.3,1.7,6.7,67.1
2.5,77.4,62.5,51.6,1.3,8.1,53.9
6.4,89.7,80.8,72.1,2.0,9.0,78.2
7.5,86.7,60.3,75.2,4.5,8.6,69.7
5.4,86.3,60.2,64.5,2.6,5.7,58.2
8.6,73.6,80.4,64.9,5.1,6.7,71.0
2.8,58.2,79.6,64.6,4.3,6.6,52.8
1.8,86.0,68.2,51.9,0.7,7.6,60.9
0.6,65.9,56.6,54.8,5.4,7.8,44.1
7.8,77.4,74.2,66.7,5.7,6.0,70.7
5.9,90.4,58.3,61.2,2.4,7.1,61.1
4.4,80.4,75.0,74.6,5.0,4.6,57.4
5.1,80.5,79.3,62.1,2.7,8.7,66.1
2.0,92.9,60.3,50.4,4.4,6.4,54.0
9.9,76.7,72.7,67.5,1.9,7.1,72.9
4.8,84.7,72.4,73.0,1.0,6.6,70.3
4.7,75.9,63.6,50.5,3.5,8.4,56.5
6.1,80.1,70.7,49.2,4.0,3.6,47.6
5.6,91.9,94.8,79.1,3.5,7.0,76.6
5.0,80.8,66.8,66.3,2.1,6.9,60.0
2.8,77.8,61.3,63.7,3.5,6.5,55.1
5.5,87.2,63.9,60.8,4.7,9.1,59.7
8.6,77.5,83.8,73.3,4.1,5.9,77.9
7.5,71.1,71.0,72.7,4.5,7.9,68.8
8.0,69.8,66.6,52.5,3.0,7.4,63.3
3.4,53.7,78.4,58.3,6.3,8.5,58.6
2.3,92.3,81.4,71.7,2.1,6.2,69.2
4.2,63.5,59.7,56.4,5.1,6.1,51.0
4.6,72.9,47.4,46.8,6.3,8.3,45.6
6.9,75.8,83.5,73.4,5.1,7.5,66.6
0.8,72.5,53.6,33.6,3.8,5.1,35.9
7.9,88.3,84.1,73.9,3.2,6.4,74.9
4.2,83.2,46.6,54.2,6.1,7.5,50.2
3.6,67.8,75.5,56.9,1.6,8.0,60.1
2.3,70.0,50.2,48.2,2.5,6.2,47.7
0.9,72.4,69.3,60.0,3.5,3.5,43.5
6.3,75.2,71.4,63.6,6.4,7.6,63.2
4.7,91.4,59.5,62.2,4.9,5.5,61.2
1.7,75.7,58.6,47.4,2.5,4.6,43.7
1.7,78.1,70.8,59.3,3.6,3.6,48.0
3.8,80.6,68.5,66.0,3.1,8.0,60.4
8.2,92.3,82.8,79.4,2.9,7.2,80.7
3.9,75.9,88.8,69.0,6.0,6.7,62.8
1.2,57.1,43.1,40.8,1.7,8.7,38.7
4.0,78.2,85.2,75.5,7.1,7.8,69.3
3.9,67.6,67.3,46.3,5.7,8.9,53.0
0.0,63.0,48.8,49.5,6.2,5.3,31.4
4.4,80.7,53.8,53.0,3.4,7.0,59.4
4.0,86.6,66.2,65.4,3.9,5.1,59.9
6.0,77.5,81.1,78.4,1.6,6.7,68.9
8.6,84.2,74.9,64.3,3.3,6.7,70.7
7.0,95.8,91.2,78.3,5.1,7.8,82.7
3.9,76.5,51.1,50.2,6.5,7.1,53.4
2.1,97.4,65.8,58.4,2.2,7.7,55.8
10.2,89.2,65.9,81.2,3.5,7.8,81.5
4.6,57.5,70.4,53.5,3.9,9.6,63.1
4.5,82.5,78.5,65.9,1.7,6.6,65.0
4.4,78.7,63.6,61.2,5.3,5.9,55.2
4.9,88.5,41.4,43.6,2.9,7.3,46.7
4.2,81.3,70.3,61.7,3.8,6.0,59.3
3.2,71.7,70.1,62.2,3.4,8.8,59.8
3.3,61.0,68.9,55.1,2.8,6.7,56.5
4.4,72.8,81.2,67.6,4.2,6.3,67.6
3.3,64.7,53.0,46.1,3.8,6.4,43.6
2.9,66.8,71.8,50.6,3.5,7.9,48.8
4.7,81.2,82.1,73.0,2.9,6.8,69.4
3.9,90.8,48.9,64.8,4.8,6.2,54.7
7.8,83.9,78.3,73.5,7.2,9.0,74.2
0.0,56.3,52.5,44.3,4.5,6.0,35.7
6.9,83.0,72.2,72.9,6.0,7.0,68.5
7.2,91.0,78.3,66.8,1.7,7.8,82.3
0.0,62.2,53.3,55.1,4.5,5.0,40.9
3.7,72.5,58.9,56.2,2.2,7.6,54.2
3.7,73.9,66.8,69.4,1.5,5.7,58.6
1.4,62.5,49.2,40.0,2.9,8.0,41.2
2.8,78.9,53.4,63.4,6.3,5.8,54.4
2.1,70.2,70.7,63.6,5.9,7.8,54.4
8.4,85.0,63.4,69.5,4.6,8.3,69.9
6.6,69.3,78.5,69.8,1.4,8.0,70.1
7.3,74.8,78.1,68.9,3.8,7.3,74.2
6.1,84.6,52.9,64.8,4.7,6.7,65.2
2.0,67.5,55.3,50.5,4.5,6.3,46.7
3.3,90.5,80.5,59.1,0.9,8.8,68.3
5.6,72.7,59.0,50.6,2.6,6.2,55.8
1.8,73.2,57.9,51.2,4.1,5.8,39.0
6.1,86.7,77.1,73.3,5.2,7.8,72.9
4.0,60.1,74.2,60.3,0.5,6.0,60.3
3.7,56.2,61.9,59.8,3.9,5.9,52.8
6.1,62.1,63.0,45.8,4.5,5.3,50.2
5.5,89.1,86.9,77.5,5.7,6.4,71.0
3.7,68.3,85.0,57.4,5.4,6.9,59.1
7.1,100.0,85.9,85.3,5.2,7.3,85.9
2.1,65.8,63.7,53.4,2.8,8.1,51.0
5.9,78.9,62.0,63.4,0.8,7.6,71.3
5.8,92.4,62.9,59.5,3.5,6.8,64.1
3.8,94.0,74.4,76.7,6.0,6.8,61.4
5.2,96.7,76.0,78.5,6.7,7.6,69.5
1.7,82.9,79.2,69.8,5.5,8.5,59.8
6.5,88.2,80.1,73.1,5.0,7.2,64.9
4.1,80.3,51.3,56.7,4.9,6.4,56.4
3.4,81.1,78.2,63.1,3.2,5.8,63.9
6.8,72.9,61.0,65.1,4.0,5.3,62.0
3.0,64.6,60.0,62.6,7.2,7.8,51.3
1.4,70.3,64.7,61.3,2.5,7.7,49.4
1.1,68.2,83.2,59.8,7.1,7.7,53.3
5.8,72.4,99.0,81.7,3.6,6.8,80.2
1.7,77.8,69.9,52.2,6.6,8.7,49.2
8.4,90.4,74.5,77.1,1.7,6.4,71.4
0.0,69.1,65.2,55.8,5.3,8.1,47.0
8.2,95.3,86.5,70.0,2.9,7.0,81.3
5.0,64.3,64.3,50.5,1.7,6.3,56.3
4.3,72.8,87.2,69.6,4.6,7.7,70.1
3.3,66.0,67.5,55.8,6.0,7.5,55.1
5.4,57.7,73.4,54.0,2.7,7.4,60.8
4.4,74.0,75.0,67.4,1.5,7.1,69.2
6.9,77.4,77.2,71.6,4.0,7.0,65.4
4.8,90.6,79.3,70.9,4.0,9.9,73.7
4.8,81.8,62.4,56.0,5.2,8.4,60.4
3.7,63.6,59.3,59.2,5.9,7.9,48.1
4.4,93.4,57.6,70.2,4.1,7.1,56.3
5.2,88.3,75.4,66.9,7.5,8.2,62.9
0.7,75.1,69.7,54.3,4.6,7.6,49.1
1.5,68.2,67.0,58.6,3.6,7.0,54.4
6.1,67.8,88.6,70.9,1.3,6.6,70.8
4.9,71.9,68.3,60.6,3.7,6.9,57.1
4.1,85.3,75.7,72.3,3.6,3.5,56.9
4.5,93.8,57.9,49.2,5.9,7.3,58.2
5.3,91.6,66.8,73.9,5.0,6.4,65.1
3.3,68.3,72.8,61.5,2.1,8.9,61.0
2.8,61.3,72.9,56.3,4.5,7.0,53.7
4.9,77.0,65.7,60.7,5.4,5.6,61.1
2.3,54.0,61.2,49.7,7.0,6.9,41.6
5.4,79.6,53.4,45.4,5.8,5.7,54.1
0.8,68.0,56.7,58.1,5.6,7.6,46.7
6.8,73.8,81.8,71.8,4.3,7.3,70.7
5.5,60.6,74.7,65.5,4.9,8.1,70.9
5.1,81.0,75.2,73.4,6.4,6.1,60.8
6.7,73.0,72.3,59.9,1.8,7.0,65.2
8.2,68.9,74.1,70.7,3.6,5.4,64.7
6.7,49.6,62.2,53.0,2.8,7.8,60.4
0.5,68.7,67.9,60.2,4.9,7.6,55.9
1.7,88.5,68.9,49.3,6.4,7.6,57.5
3.1,89.5,72.3,65.3,3.1,7.0,66.4
4.6,70.6,62.0,53.7,0.5,7.5,57.9
5.6,70.6,45.9,52.2,3.5,8.9,52.4
2.9,77.3,77.4,68.2,5.8,6.7,54.6
4.9,65.6,62.5,52.4,5.2,7.2,60.3
2.8,75.5,55.5,48.5,5.0,5.7,48.0
3.2,80.7,73.9,64.0,3.7,6.0,58.2
1.4,82.6,58.9,49.3,1.9,7.1,54.8
2.5,71.0,75.7,67.4,5.1,8.3,56.7
1.5,68.5,68.7,54.5,2.7,6.7,53.3
2.4,63.1,70.5,40.0,8.1,6.7,42.1
6.8,70.2,56.6,54.6,5.2,6.5,58.0
2.4,69.6,77.0,56.4,3.2,6.4,56.3
10.3,87.4,82.6,69.9,3.1,7.4,76.3
5.6,85.8,67.0,57.6,4.0,5.2,60.3
4.9,67.6,69.6,61.7,3.8,8.5,64.9
2.6,87.1,46.3,58.3,6.2,6.2,46.8
6.0,74.5,75.1,69.0,4.5,7.9,69.7
3.2,72.8,54.1,48.2,2.9,5.5,44.5
4.8,68.0,53.0,54.6,7.6,7.8,47.4
10.1,59.2,59.8,57.1,4.3,7.8,62.4
4.3,83.5,80.7,66.3,5.6,7.5,67.7
7.0,86.1,66.7,59.7,3.1,5.8,64.7
3.0,69.9,81.7,55.5,4.9,7.3,60.8
4.4,75.5,62.0,55.9,4.8,5.6,57.2
8.4,86.0,57.3,64.0,0.8,6.7,70.3
3.1,57.3,51.4,45.7,7.8,8.2,40.8
8.5,75.7,88.9,75.5,6.5,8.0,73.8
6.1,85.3,70.2,61.6,3.5,7.0,65.4
3.3,60.7,58.4,54.9,2.2,5.8,48.5
5.9,80.0,72.8,59.2,4.8,7.8,63.2
6.6,64.6,76.3,70.7,4.4,7.0,65.6
5.9,81.8,83.5,67.4,4.8,4.2,59.7
1.0,69.4,77.1,56.4,4.5,7.9,48.1
2.9,56.4,59.3,41.4,5.1,7.0,42.3
4.0,85.9,53.6,52.7,6.8,8.4,52.9
4.3,67.4,62.3,62.1,5.2,5.7,49.4
5.9,69.0,72.8,67.5,2.3,3.5,58.6
4.9,77.6,58.4,63.3,6.7,7.3,62.1
1.6,82.1,53.0,54.7,7.2,7.3,49.2
5.3,66.0,72.3,56.0,9.9,5.0,55.2
5.8,77.6,70.1,62.9,2.2,5.8,65.0
5.7,81.1,71.1,61.5,4.6,10.3,70.7
6.9,85.5,65.0,73.4,0.5,6.6,68.1
6.3,79.5,69.2,58.3,5.2,7.9,61.2
5.5,72.8,59.4,62.8,3.2,6.2,49.6
4.3,66.4,76.6,69.2,7.7,4.5,54.6
0.8,70.3,72.3,69.3,2.8,6.8,61.0
5.4,65.6,48.4,47.0,1.2,6.7,49.6
5.0,46.5,55.8,52.6,3.4,6.5,48.6
5.1,80.3,53.1,69.1,0.6,6.9,58.8
1.7,79.8,56.3,49.2,5.6,7.3,48.0
2.1,47.8,60.0,38.3,0.5,6.8,48.3
6.8,68.4,55.5,44.5,4.3,5.5,46.7
4.4,81.0,58.3,61.9,0.5,7.6,62.1
6.0,97.8,61.9,54.4,3.6,4.7,55.6
4.6,75.4,70.5,60.9,7.2,4.5,51.9
4.6,67.9,68.2,62.6,4.8,7.9,60.7
